{"TOP":{"games":86,"wins":47,"tKills":622,"tDeaths":353,"tAssists":646,"kills":7.232558139534884,"deaths":4.104651162790698,"assists":7.511627906976744},"JUNGLE":{"games":4,"wins":2,"tKills":41,"tDeaths":16,"tAssists":37,"kills":10.25,"deaths":4,"assists":9.25},"MID":{"games":128,"wins":70,"tKills":1255,"tDeaths":569,"tAssists":1070,"kills":9.8046875,"deaths":4.4453125,"assists":8.359375},"ADC":{"games":11,"wins":6,"tKills":89,"tDeaths":59,"tAssists":100,"kills":8.090909090909092,"deaths":5.363636363636363,"assists":9.090909090909092},"SUPPORT":{"games":8,"wins":6,"tKills":30,"tDeaths":44,"tAssists":138,"kills":3.75,"deaths":5.5,"assists":17.25},"TOTAL":{"games":237,"wins":131,"tKills":2037,"tDeaths":1041,"tAssists":1991,"kills":8.594936708860759,"deaths":4.3924050632911396,"assists":8.40084388185654}}