{"TOP":{"games":33,"wins":16,"tKills":199,"tDeaths":214,"tAssists":193,"kills":6.03030303030303,"deaths":6.484848484848484,"assists":5.848484848484849},"JUNGLE":{"games":249,"wins":117,"tKills":2079,"tDeaths":1427,"tAssists":1967,"kills":8.349397590361447,"deaths":5.730923694779117,"assists":7.899598393574297},"MID":{"games":38,"wins":24,"tKills":377,"tDeaths":224,"tAssists":217,"kills":9.921052631578947,"deaths":5.894736842105263,"assists":5.7105263157894735},"ADC":{"games":506,"wins":267,"tKills":4203,"tDeaths":2775,"tAssists":3980,"kills":8.306324110671937,"deaths":5.484189723320158,"assists":7.865612648221344},"SUPPORT":{"games":30,"wins":11,"tKills":104,"tDeaths":200,"tAssists":336,"kills":3.466666666666667,"deaths":6.666666666666667,"assists":11.2},"TOTAL":{"games":856,"wins":435,"tKills":6962,"tDeaths":4840,"tAssists":6693,"kills":8.133177570093459,"deaths":5.654205607476635,"assists":7.81892523364486}}