{"TOP":{"games":14,"wins":9,"tKills":83,"tDeaths":92,"tAssists":71,"kills":5.928571428571429,"deaths":6.571428571428571,"assists":5.071428571428571},"JUNGLE":{"games":2,"wins":1,"tKills":16,"tDeaths":17,"tAssists":12,"kills":8,"deaths":8.5,"assists":6},"MID":{"games":4,"wins":0,"tKills":21,"tDeaths":28,"tAssists":15,"kills":5.25,"deaths":7,"assists":3.75},"ADC":{"games":23,"wins":14,"tKills":242,"tDeaths":145,"tAssists":184,"kills":10.521739130434783,"deaths":6.304347826086956,"assists":8},"SUPPORT":{"games":4,"wins":3,"tKills":7,"tDeaths":35,"tAssists":58,"kills":1.75,"deaths":8.75,"assists":14.5},"TOTAL":{"games":47,"wins":27,"tKills":369,"tDeaths":317,"tAssists":340,"kills":7.851063829787234,"deaths":6.74468085106383,"assists":7.23404255319149}}