{"TOP":{"games":54,"wins":25,
"tKills":299,"tDeaths":314,"tAssists":330,
"kills":5.537037037037037,
"deaths":5.814814814814815,
"assists":6.111111111111111},

"JUNGLE":{"games":199,"wins":104,
"tKills":1519,"tDeaths":1164,"tAssists":1676,
"kills":7.633165829145729,
"deaths":5.849246231155779,
"assists":8.422110552763819},

"MID":{"games":296,"wins":148,
"tKills":2103,"tDeaths":1706,"tAssists":2042,
"kills":7.10472972972973,
"deaths":5.763513513513513,
"assists":6.898648648648648},

"ADC":{"games":776,"wins":409,
"tKills":5611,"tDeaths":4442,"tAssists":5645,
"kills":7.230670103092783,
"deaths":5.724226804123711,
"assists":7.274484536082475},

"SUPPORT":{"games":57,"wins":28,
"tKills":186,"tDeaths":361,"tAssists":631,
"kills":3.263157894736842,
"deaths":6.333333333333333,
"assists":11.070175438596491},

"TOTAL":{"games":1382,"wins":714,
"tKills":9718,"tDeaths":7987,"tAssists":10324,
"kills":7.031837916063676,
"deaths":5.779305354558611,
"assists":7.4703328509406655}}